Features;Individual Effect;Interaction Effect
diabetes:1.00,age:55.00,hypertension:1.00;0.1025574429808615;0.18632761340213794
hyperlipidemia:0.00,coronary.artery.disease:0.00;0.04595822883069178;0.019304789069209266
race:black;0.0402138541744849;0
sex:male;-0.0367881346707743;0
copd:0.00;0.02783006013640578;0
cerebrovascular.disease:0.00,endstage.renal.disease:0.00;0.010455424030100247;0.017098950940723792
cancer:0.00;0.01173190142443294;0
hepatitis:0.00;0.009503918820893588;0
asthma:0.00;-0.003293101570498131;0
chf:0.00;-0.0028861838558502557;0
chronic.kidney.disease:0.00,dementia:0.00;0.00043705721472586667;-3.231333202846978e-05
