Features;Individual Effect
age;0.26292566941248197
race;0.007170578087452195
sex;-0.029024719548342397
hypertension;0.12899981802559207
hyperlipidemia;-0.02664729081320591
diabetes;-0.029098702863407044
coronary.artery.disease;0.08786256832278753
chf;0.01203022393638084
cerebrovascular.disease;-0.004535326010606122
hepatitis;0.021165185612971676
endstage.renal.disease;-0.02358964679815372
chronic.kidney.disease;-0.00560458144560972
asthma;0.01329683086761786
copd;-0.018183873800251174
dementia;-0.03170189315539531
cancer;0.0125298270450432
